nome_completo,telefone,email,cidade,regiao,origem,tipo_contratacao,operadora_atual,status,responsavel,observacoes
Ana Paula Costa,11987654321,ana.costa@email.com,São Paulo,SP,tráfego pago,Pessoa Física,Unimed,Novo,Luiza,Cliente interessado em plano familiar
Carlos Eduardo Silva,21998765432,carlos.silva@email.com,Rio de Janeiro,RJ,indicação,MEI,Amil,,Nick,Indicação do João
Fernanda Oliveira,85912345678,,Fortaleza,CE,orgânico,CNPJ,,,Luiza,Encontrou pelo Google
Roberto Almeida,11976543210,roberto@empresa.com,Campinas,SP,Telein,Adesão,SulAmérica,Em contato,Nick,Empresa com 15 funcionários
